,word,count
0,casino,1273
1,game,868
2,bonus,592
3,online,586
4,free,535
5,slot,509
6,play,483
7,spin,340
8,money,334
9,cash,316
10,real,297
11,deposit,276
12,offer,270
13,player,259
14,poker,242
15,coin,238
16,get,215
17,win,212
18,best,185
19,gambling,180
20,new,177
21,site,170
22,prize,163
23,sweep,155
24,live,150
25,sweepstakes,134
26,welcome,115
27,like,115
28,one,113
29,gaming,113
30,betting,112
31,bitcoin,111
32,playing,111
33,jackpot,109
34,social,108
35,review,107
36,also,104
37,time,103
38,bet,101
39,777,100
40,u,100
41,app,99
42,ha,94
43,sport,91
44,promotion,91
45,account,90
46,card,89
47,code,88
48,experience,87
49,reward,85
50,make,84
51,need,84
52,first,84
53,gold,84
54,top,83
55,blackjack,82
56,claim,81
57,odds,81
58,table,80
59,use,79
60,winning,76
61,day,76
62,find,75
63,100,73
64,popular,73
65,enjoy,71
66,type,67
67,help,66
68,roulette,66
69,term,66
70,chumba,66
71,fun,65
72,apply,65
73,every,65
74,many,64
75,mobile,64
76,machine,63
77,feature,63
78,state,63
79,join,62
80,policy,61
81,great,60
82,option,59
83,number,59
84,pick,58
85,platform,58
86,want,58
87,legit,58
88,right,57
89,1,57
90,customer,56
91,sign,56
92,5,56
93,luckyland,56
94,daily,54
95,10,54
96,tc,54
97,2023,53
98,payment,53
99,ekstrapoint,53
100,wagering,52
101,dont,52
102,start,51
103,purchase,51
104,tournament,50
105,chance,50
106,2,49
107,requirement,49
108,dealer,48
109,available,48
110,service,48
111,video,48
112,youre,48
113,method,47
114,pay,47
115,wheel,46
116,selection,46
117,way,46
118,privacy,45
119,may,45
120,home,45
121,take,45
122,sportsbook,45
123,responsible,44
124,choose,44
125,try,44
126,50,44
127,tool,44
128,casumo,44
129,world,43
130,website,42
131,back,42
132,18,42
133,21,42
134,point,42
135,problem,41
136,come,41
137,apps,41
138,green,41
139,calculator,41
140,even,40
141,team,40
142,give,40
143,read,40
144,20,40
145,well,39
146,youll,39
147,redeem,39
148,reel,37
149,vega,37
